epoch,test_clean_acc,test_bad_acc,test_bad_cls_loss,test_bad_at_loss
0,85.65555555555555,100.0,1.2821621365017362e-07,1.3864030798806084
epoch,test_clean_acc,test_bad_acc,test_bad_cls_loss,test_bad_at_loss
1,58.43333333333333,9.6,9.003433816697862,1.207139956580268
epoch,test_clean_acc,test_bad_acc,test_bad_cls_loss,test_bad_at_loss
2,72.25555555555556,8.4,5.509578734503852,1.2736398759418064
epoch,test_clean_acc,test_bad_acc,test_bad_cls_loss,test_bad_at_loss
3,80.8,3.311111111111111,8.18274724706014,1.2574408405092028
epoch,test_clean_acc,test_bad_acc,test_bad_cls_loss,test_bad_at_loss
4,81.41111111111111,4.2,7.806607432471381,1.2187182008955213
epoch,test_clean_acc,test_bad_acc,test_bad_cls_loss,test_bad_at_loss
5,81.74444444444444,4.322222222222222,7.909650793711345,1.189901822090149
epoch,test_clean_acc,test_bad_acc,test_bad_cls_loss,test_bad_at_loss
6,82.12222222222222,3.577777777777778,8.153920613182915,1.2188563068177964
epoch,test_clean_acc,test_bad_acc,test_bad_cls_loss,test_bad_at_loss
7,82.26666666666667,4.688888888888889,7.759241249084472,1.1880263636906943
epoch,test_clean_acc,test_bad_acc,test_bad_cls_loss,test_bad_at_loss
8,82.16666666666667,4.788888888888889,7.93371855629815,1.1945802669525147
epoch,test_clean_acc,test_bad_acc,test_bad_cls_loss,test_bad_at_loss
9,81.75555555555556,5.322222222222222,7.186521497938368,1.181448416603936
epoch,test_clean_acc,test_bad_acc,test_bad_cls_loss,test_bad_at_loss
10,82.7,4.4,8.051894421895344,1.204457118988037
epoch,test_clean_acc,test_bad_acc,test_bad_cls_loss,test_bad_at_loss
11,82.33333333333333,4.2444444444444445,8.007042150709363,1.1921954712337919
epoch,test_clean_acc,test_bad_acc,test_bad_cls_loss,test_bad_at_loss
0,85.65555555555555,100.0,1.309850202149379e-07,12.054756830851238
epoch,test_clean_acc,test_bad_acc,test_bad_cls_loss,test_bad_at_loss
1,83.7,100.0,4.3709991912363774e-10,10.218404435899522
epoch,test_clean_acc,test_bad_acc,test_bad_cls_loss,test_bad_at_loss
2,83.77777777777777,99.9888888888889,7.899169579126703e-05,5.993705586327446
epoch,test_clean_acc,test_bad_acc,test_bad_cls_loss,test_bad_at_loss
3,82.71111111111111,99.9,0.003201147010164277,3.7699049900902644
epoch,test_clean_acc,test_bad_acc,test_bad_cls_loss,test_bad_at_loss
4,83.96666666666667,99.66666666666667,0.01025915699429849,3.033524384180705
epoch,test_clean_acc,test_bad_acc,test_bad_cls_loss,test_bad_at_loss
5,84.04444444444445,95.37777777777778,0.1350296631898317,2.2303995119730633
epoch,test_clean_acc,test_bad_acc,test_bad_cls_loss,test_bad_at_loss
6,84.45555555555555,89.46666666666667,0.3390232097142272,1.9011826062732273
epoch,test_clean_acc,test_bad_acc,test_bad_cls_loss,test_bad_at_loss
7,84.56666666666666,78.82222222222222,0.7702085162666109,1.6740094918145074
epoch,test_clean_acc,test_bad_acc,test_bad_cls_loss,test_bad_at_loss
8,84.54444444444445,72.73333333333333,1.0693094172477722,1.5817613059149849
epoch,test_clean_acc,test_bad_acc,test_bad_cls_loss,test_bad_at_loss
9,84.65555555555555,57.1,1.9326900981267294,1.456371474901835
epoch,test_clean_acc,test_bad_acc,test_bad_cls_loss,test_bad_at_loss
10,84.36666666666666,54.977777777777774,1.9919509272575378,1.4187944527732002
epoch,test_clean_acc,test_bad_acc,test_bad_cls_loss,test_bad_at_loss
11,84.81111111111112,56.522222222222226,1.8804658691088358,1.3788137056562635
epoch,test_clean_acc,test_bad_acc,test_bad_cls_loss,test_bad_at_loss
12,84.04444444444445,52.81111111111111,2.112628058857388,1.3583723883099026
epoch,test_clean_acc,test_bad_acc,test_bad_cls_loss,test_bad_at_loss
13,84.27777777777777,45.62222222222222,2.614152424918281,1.3120594543880886
epoch,test_clean_acc,test_bad_acc,test_bad_cls_loss,test_bad_at_loss
14,84.02222222222223,44.62222222222222,2.756359168158637,1.3153872105280557
epoch,test_clean_acc,test_bad_acc,test_bad_cls_loss,test_bad_at_loss
15,84.35555555555555,49.233333333333334,2.2171216435962253,1.273146065182156
epoch,test_clean_acc,test_bad_acc,test_bad_cls_loss,test_bad_at_loss
16,84.25555555555556,38.51111111111111,3.24542552863227,1.2747759592268202
epoch,test_clean_acc,test_bad_acc,test_bad_cls_loss,test_bad_at_loss
17,84.18888888888888,36.355555555555554,3.3856580119662816,1.248267186058892
epoch,test_clean_acc,test_bad_acc,test_bad_cls_loss,test_bad_at_loss
18,84.35555555555555,40.55555555555556,3.047027125994364,1.2046613999472724
epoch,test_clean_acc,test_bad_acc,test_bad_cls_loss,test_bad_at_loss
19,84.88888888888889,30.92222222222222,4.068934925927056,1.1829585539499918
epoch,test_clean_acc,test_bad_acc,test_bad_cls_loss,test_bad_at_loss
20,84.33333333333333,32.333333333333336,3.8449058666229248,1.1908358591927422
epoch,test_clean_acc,test_bad_acc,test_bad_cls_loss,test_bad_at_loss
0,85.65555555555555,100.0,1.309850202149379e-07,12.054756830851238
epoch,test_clean_acc,test_bad_acc,test_bad_cls_loss,test_bad_at_loss
1,66.47777777777777,10.4,9.617679286532931,1.4898626984490289
epoch,test_clean_acc,test_bad_acc,test_bad_cls_loss,test_bad_at_loss
2,75.17777777777778,8.833333333333334,7.861853441450331,1.2322710376315646
epoch,test_clean_acc,test_bad_acc,test_bad_cls_loss,test_bad_at_loss
3,81.83333333333333,3.7888888888888888,8.42685130098131,1.176720912085639
epoch,test_clean_acc,test_bad_acc,test_bad_cls_loss,test_bad_at_loss
4,81.75555555555556,4.455555555555556,8.744426954905192,1.1342732713487413
epoch,test_clean_acc,test_bad_acc,test_bad_cls_loss,test_bad_at_loss
5,82.7,3.988888888888889,8.38236923514472,1.1225685000949435
epoch,test_clean_acc,test_bad_acc,test_bad_cls_loss,test_bad_at_loss
6,83.46666666666667,3.1333333333333333,8.681295673794217,1.1107695533964368
epoch,test_clean_acc,test_bad_acc,test_bad_cls_loss,test_bad_at_loss
7,82.77777777777777,4.411111111111111,8.57635155529446,1.1149719520144992
epoch,test_clean_acc,test_bad_acc,test_bad_cls_loss,test_bad_at_loss
8,82.36666666666666,4.7555555555555555,8.687836225721572,1.0859119159910413
epoch,test_clean_acc,test_bad_acc,test_bad_cls_loss,test_bad_at_loss
9,82.86666666666666,4.0777777777777775,8.938078196207682,1.0700953665839301
epoch,test_clean_acc,test_bad_acc,test_bad_cls_loss,test_bad_at_loss
10,83.65555555555555,2.7777777777777777,9.347357070075141,1.0740885651906331
epoch,test_clean_acc,test_bad_acc,test_bad_cls_loss,test_bad_at_loss
11,83.52222222222223,3.488888888888889,8.99914647801717,1.0636265731387669
epoch,test_clean_acc,test_bad_acc,test_bad_cls_loss,test_bad_at_loss
12,83.1,4.4,8.846062320285373,1.0655135770373874
epoch,test_clean_acc,test_bad_acc,test_bad_cls_loss,test_bad_at_loss
13,83.21111111111111,4.777777777777778,8.753525252024332,1.0532262226740519
epoch,test_clean_acc,test_bad_acc,test_bad_cls_loss,test_bad_at_loss
14,83.33333333333333,4.266666666666667,8.548202887217204,1.058285623020596
epoch,test_clean_acc,test_bad_acc,test_bad_cls_loss,test_bad_at_loss
15,83.31111111111112,4.144444444444445,8.717476364983453,1.0288519258499145
epoch,test_clean_acc,test_bad_acc,test_bad_cls_loss,test_bad_at_loss
16,83.7,3.7555555555555555,9.353383159213596,1.0280742835998535
epoch,test_clean_acc,test_bad_acc,test_bad_cls_loss,test_bad_at_loss
17,83.28888888888889,4.4222222222222225,8.92779278225369,1.0361798347897
epoch,test_clean_acc,test_bad_acc,test_bad_cls_loss,test_bad_at_loss
18,84.14444444444445,2.588888888888889,9.433697185940213,1.0286905558904011
epoch,test_clean_acc,test_bad_acc,test_bad_cls_loss,test_bad_at_loss
19,83.94444444444444,3.2555555555555555,9.305094080607097,1.0127668177286784
epoch,test_clean_acc,test_bad_acc,test_bad_cls_loss,test_bad_at_loss
20,84.27777777777777,2.3666666666666667,9.682874516805013,1.0019371028476292
epoch,test_clean_acc,test_bad_acc,test_bad_cls_loss,test_bad_at_loss
0,85.65555555555555,100.0,1.309850202149379e-07,0.012193397144476573
epoch,test_clean_acc,test_bad_acc,test_bad_cls_loss,test_bad_at_loss
1,70.55555555555556,5.766666666666667,9.540067620171442,0.001275471378531721
epoch,test_clean_acc,test_bad_acc,test_bad_cls_loss,test_bad_at_loss
2,58.34444444444444,29.822222222222223,4.469705506854587,0.0012047570575442579
epoch,test_clean_acc,test_bad_acc,test_bad_cls_loss,test_bad_at_loss
3,80.97777777777777,3.5555555555555554,8.512659485287136,0.000984859974330498
epoch,test_clean_acc,test_bad_acc,test_bad_cls_loss,test_bad_at_loss
4,81.6,3.0555555555555554,8.94835912153456,0.0009727214281447232
epoch,test_clean_acc,test_bad_acc,test_bad_cls_loss,test_bad_at_loss
5,81.41111111111111,4.2,8.702634354485406,0.0009595778082083497
epoch,test_clean_acc,test_bad_acc,test_bad_cls_loss,test_bad_at_loss
6,81.76666666666667,3.7777777777777777,9.01316047668457,0.0009474543961696327
epoch,test_clean_acc,test_bad_acc,test_bad_cls_loss,test_bad_at_loss
7,81.55555555555556,4.177777777777778,9.023220362345377,0.0009404410934075714
epoch,test_clean_acc,test_bad_acc,test_bad_cls_loss,test_bad_at_loss
8,81.84444444444445,3.6333333333333333,8.968069035847982,0.0009302941372411118
epoch,test_clean_acc,test_bad_acc,test_bad_cls_loss,test_bad_at_loss
9,82.05555555555556,3.311111111111111,9.25992714267307,0.0009202650922040145
epoch,test_clean_acc,test_bad_acc,test_bad_cls_loss,test_bad_at_loss
10,81.8,3.511111111111111,9.283339395311144,0.0009198171824423803
epoch,test_clean_acc,test_bad_acc,test_bad_cls_loss,test_bad_at_loss
11,81.4888888888889,4.8,9.011959779527452,0.0009166679617224468
epoch,test_clean_acc,test_bad_acc,test_bad_cls_loss,test_bad_at_loss
12,81.83333333333333,3.6666666666666665,9.409115191141764,0.0009013510844152835
epoch,test_clean_acc,test_bad_acc,test_bad_cls_loss,test_bad_at_loss
13,81.95555555555555,3.2666666666666666,9.530933413187663,0.000898060607465191
epoch,test_clean_acc,test_bad_acc,test_bad_cls_loss,test_bad_at_loss
14,82.11111111111111,3.6777777777777776,9.421356504652236,0.0008935708408243955
epoch,test_clean_acc,test_bad_acc,test_bad_cls_loss,test_bad_at_loss
15,81.56666666666666,4.166666666666667,9.421301359388563,0.0008880589986220003
epoch,test_clean_acc,test_bad_acc,test_bad_cls_loss,test_bad_at_loss
16,82.7,3.033333333333333,9.974255098130968,0.000884212976683759
epoch,test_clean_acc,test_bad_acc,test_bad_cls_loss,test_bad_at_loss
17,81.75555555555556,3.7,9.492295404222277,0.0008792684574404525
epoch,test_clean_acc,test_bad_acc,test_bad_cls_loss,test_bad_at_loss
18,82.42222222222222,2.911111111111111,10.107201953464084,0.0008712762129596537
epoch,test_clean_acc,test_bad_acc,test_bad_cls_loss,test_bad_at_loss
19,82.15555555555555,3.7888888888888888,9.7797099609375,0.0008671378783571223
epoch,test_clean_acc,test_bad_acc,test_bad_cls_loss,test_bad_at_loss
20,82.1,3.922222222222222,9.748892674763997,0.0008641588597351478
epoch,test_clean_acc,test_bad_acc,test_bad_cls_loss,test_bad_at_loss
0,85.65555555555555,100.0,1.309850202149379e-07,0.012193397144476573
epoch,test_clean_acc,test_bad_acc,test_bad_cls_loss,test_bad_at_loss
1,70.24444444444444,0.5666666666666667,14.124044642978244,0.0012819441329273912
epoch,test_clean_acc,test_bad_acc,test_bad_cls_loss,test_bad_at_loss
2,72.91111111111111,10.777777777777779,7.051176088968913,0.001071616698573861
epoch,test_clean_acc,test_bad_acc,test_bad_cls_loss,test_bad_at_loss
3,81.9888888888889,3.1222222222222222,9.053505441453721,0.0009682590040481753
epoch,test_clean_acc,test_bad_acc,test_bad_cls_loss,test_bad_at_loss
4,82.9,2.2777777777777777,9.290011296590169,0.0009547043067092696
epoch,test_clean_acc,test_bad_acc,test_bad_cls_loss,test_bad_at_loss
5,82.05555555555556,3.3555555555555556,8.93515212419298,0.0009462170858039624
epoch,test_clean_acc,test_bad_acc,test_bad_cls_loss,test_bad_at_loss
6,82.82222222222222,3.1222222222222222,9.34245972612169,0.0009401896781184607
epoch,test_clean_acc,test_bad_acc,test_bad_cls_loss,test_bad_at_loss
7,83.24444444444444,2.611111111111111,9.33151554192437,0.0009346936027415924
epoch,test_clean_acc,test_bad_acc,test_bad_cls_loss,test_bad_at_loss
8,82.1,3.466666666666667,9.368373892890082,0.000922911644499335
epoch,test_clean_acc,test_bad_acc,test_bad_cls_loss,test_bad_at_loss
9,83.28888888888889,2.7777777777777777,9.363320890638564,0.000911216856394377
epoch,test_clean_acc,test_bad_acc,test_bad_cls_loss,test_bad_at_loss
10,83.42222222222222,2.466666666666667,9.628048324584961,0.0009086760024333165
epoch,test_clean_acc,test_bad_acc,test_bad_cls_loss,test_bad_at_loss
11,82.95555555555555,3.388888888888889,9.025161364237468,0.0009074781406670809
epoch,test_clean_acc,test_bad_acc,test_bad_cls_loss,test_bad_at_loss
12,83.57777777777778,2.1333333333333333,9.884426920572917,0.000901270149430881
epoch,test_clean_acc,test_bad_acc,test_bad_cls_loss,test_bad_at_loss
13,83.75555555555556,2.3777777777777778,9.941416899787056,0.000893653487165769
epoch,test_clean_acc,test_bad_acc,test_bad_cls_loss,test_bad_at_loss
14,83.82222222222222,2.488888888888889,9.843814192030164,0.0008898647270786266
epoch,test_clean_acc,test_bad_acc,test_bad_cls_loss,test_bad_at_loss
15,83.78888888888889,2.8555555555555556,9.517923466152615,0.000884247433187233
epoch,test_clean_acc,test_bad_acc,test_bad_cls_loss,test_bad_at_loss
16,83.45555555555555,3.577777777777778,9.462889522128634,0.0008805799682417677
epoch,test_clean_acc,test_bad_acc,test_bad_cls_loss,test_bad_at_loss
17,83.83333333333333,2.7222222222222223,9.659912602742512,0.0008777056295010779
epoch,test_clean_acc,test_bad_acc,test_bad_cls_loss,test_bad_at_loss
18,83.33333333333333,2.922222222222222,9.76734181213379,0.000872237420692626
epoch,test_clean_acc,test_bad_acc,test_bad_cls_loss,test_bad_at_loss
19,83.84444444444445,2.1555555555555554,10.250915028889974,0.0008683793920402726
epoch,test_clean_acc,test_bad_acc,test_bad_cls_loss,test_bad_at_loss
20,83.62222222222222,2.7,9.98646896870931,0.0008654144604483412
epoch,test_clean_acc,test_bad_acc,test_bad_cls_loss,test_bad_at_loss
0,85.65555555555555,100.0,1.309850202149379e-07,12.054756830851238
epoch,test_clean_acc,test_bad_acc,test_bad_cls_loss,test_bad_at_loss
1,66.62222222222222,6.777777777777778,6.804919784969754,1.4110411813524035
epoch,test_clean_acc,test_bad_acc,test_bad_cls_loss,test_bad_at_loss
2,76.94444444444444,3.966666666666667,8.315250902387831,1.2154746718936495
epoch,test_clean_acc,test_bad_acc,test_bad_cls_loss,test_bad_at_loss
3,81.52222222222223,3.2777777777777777,8.499515384250216,1.1970814323425294
epoch,test_clean_acc,test_bad_acc,test_bad_cls_loss,test_bad_at_loss
4,82.31111111111112,3.4555555555555557,8.644229746924506,1.1727001373502943
epoch,test_clean_acc,test_bad_acc,test_bad_cls_loss,test_bad_at_loss
5,81.5111111111111,4.344444444444444,8.369069105784098,1.1500433271196153
epoch,test_clean_acc,test_bad_acc,test_bad_cls_loss,test_bad_at_loss
6,82.66666666666667,3.3555555555555556,8.674038177490234,1.1302900069554647
epoch,test_clean_acc,test_bad_acc,test_bad_cls_loss,test_bad_at_loss
7,82.28888888888889,3.533333333333333,8.866168789333768,1.142510254436069
epoch,test_clean_acc,test_bad_acc,test_bad_cls_loss,test_bad_at_loss
8,82.24444444444444,3.688888888888889,8.684401696099176,1.113396605597602
epoch,test_clean_acc,test_bad_acc,test_bad_cls_loss,test_bad_at_loss
9,83.23333333333333,2.511111111111111,9.420892227172851,1.1007930216259427
epoch,test_clean_acc,test_bad_acc,test_bad_cls_loss,test_bad_at_loss
10,82.94444444444444,2.388888888888889,9.312007295396592,1.0916936421924168
epoch,test_clean_acc,test_bad_acc,test_bad_cls_loss,test_bad_at_loss
11,82.41111111111111,3.977777777777778,8.988855404324001,1.0782704686058893
epoch,test_clean_acc,test_bad_acc,test_bad_cls_loss,test_bad_at_loss
12,83.68888888888888,2.3666666666666667,9.004549104478624,1.0714928090837266
epoch,test_clean_acc,test_bad_acc,test_bad_cls_loss,test_bad_at_loss
13,82.45555555555555,4.188888888888889,8.637119133843315,1.0658302128050063
epoch,test_clean_acc,test_bad_acc,test_bad_cls_loss,test_bad_at_loss
14,82.06666666666666,4.877777777777778,8.522802474127875,1.0583127898110283
epoch,test_clean_acc,test_bad_acc,test_bad_cls_loss,test_bad_at_loss
15,82.45555555555555,4.0,8.87315435494317,1.0583241811328463
epoch,test_clean_acc,test_bad_acc,test_bad_cls_loss,test_bad_at_loss
16,82.53333333333333,3.511111111111111,9.289800866868761,1.0390973818037246
epoch,test_clean_acc,test_bad_acc,test_bad_cls_loss,test_bad_at_loss
17,83.44444444444444,2.7555555555555555,9.466557088216145,1.041951669269138
epoch,test_clean_acc,test_bad_acc,test_bad_cls_loss,test_bad_at_loss
18,82.34444444444445,4.6,9.04745640012953,1.0315618804295859
epoch,test_clean_acc,test_bad_acc,test_bad_cls_loss,test_bad_at_loss
19,83.41111111111111,2.977777777777778,9.532227220323351,1.0275898851818508
epoch,test_clean_acc,test_bad_acc,test_bad_cls_loss,test_bad_at_loss
20,82.92222222222222,3.488888888888889,9.600845898946126,1.021453978644477
epoch,test_clean_acc,test_bad_acc,test_bad_cls_loss,test_bad_at_loss
0,85.65555555555555,100.0,1.309850202149379e-07,0.012193397144476573
epoch,test_clean_acc,test_bad_acc,test_bad_cls_loss,test_bad_at_loss
1,71.23333333333333,4.511111111111111,7.681822666592068,0.0012921263394463393
epoch,test_clean_acc,test_bad_acc,test_bad_cls_loss,test_bad_at_loss
2,58.5,2.1555555555555554,6.837872023688423,0.0012258711794598234
epoch,test_clean_acc,test_bad_acc,test_bad_cls_loss,test_bad_at_loss
3,81.75555555555556,2.1333333333333333,9.435838055080838,0.0009853067428597974
epoch,test_clean_acc,test_bad_acc,test_bad_cls_loss,test_bad_at_loss
4,82.5111111111111,2.9555555555555557,8.97404024166531,0.0009646544999236034
epoch,test_clean_acc,test_bad_acc,test_bad_cls_loss,test_bad_at_loss
5,82.22222222222223,3.011111111111111,9.27401759677463,0.0009536692800207271
epoch,test_clean_acc,test_bad_acc,test_bad_cls_loss,test_bad_at_loss
6,81.9888888888889,3.477777777777778,9.262696227179633,0.0009456786605943409
epoch,test_clean_acc,test_bad_acc,test_bad_cls_loss,test_bad_at_loss
7,83.2,1.9,9.949085063510472,0.0009333920019368331
epoch,test_clean_acc,test_bad_acc,test_bad_cls_loss,test_bad_at_loss
8,82.97777777777777,3.022222222222222,9.194593087090386,0.0009309436751322613
epoch,test_clean_acc,test_bad_acc,test_bad_cls_loss,test_bad_at_loss
9,82.63333333333334,2.588888888888889,9.438498597039116,0.0009219751592932475
epoch,test_clean_acc,test_bad_acc,test_bad_cls_loss,test_bad_at_loss
10,82.34444444444445,3.1777777777777776,9.585196239895291,0.000911112089589652
epoch,test_clean_acc,test_bad_acc,test_bad_cls_loss,test_bad_at_loss
11,82.66666666666667,3.066666666666667,9.716722689310709,0.0009112883177068499
epoch,test_clean_acc,test_bad_acc,test_bad_cls_loss,test_bad_at_loss
12,82.65555555555555,3.5,9.054931469387478,0.0009079288502430751
epoch,test_clean_acc,test_bad_acc,test_bad_cls_loss,test_bad_at_loss
13,82.54444444444445,3.7,9.105543198479547,0.0008991268552425834
epoch,test_clean_acc,test_bad_acc,test_bad_cls_loss,test_bad_at_loss
14,83.15555555555555,2.2555555555555555,9.518791647169325,0.0008934451453905138
epoch,test_clean_acc,test_bad_acc,test_bad_cls_loss,test_bad_at_loss
15,83.21111111111111,2.188888888888889,9.829572007921007,0.0008848066988090674
epoch,test_clean_acc,test_bad_acc,test_bad_cls_loss,test_bad_at_loss
16,82.88888888888889,3.0,10.180997767130535,0.0008792481464851234
epoch,test_clean_acc,test_bad_acc,test_bad_cls_loss,test_bad_at_loss
17,82.5,3.988888888888889,9.502503029717339,0.0008716123352448146
epoch,test_clean_acc,test_bad_acc,test_bad_cls_loss,test_bad_at_loss
18,83.56666666666666,2.2222222222222223,10.077217795477972,0.0008679013123425345
epoch,test_clean_acc,test_bad_acc,test_bad_cls_loss,test_bad_at_loss
19,83.2,3.2333333333333334,9.62783709886339,0.0008637970359995961
epoch,test_clean_acc,test_bad_acc,test_bad_cls_loss,test_bad_at_loss
20,82.4,4.188888888888889,9.227671932644315,0.0008654207302153938
epoch,test_clean_acc,test_bad_acc,test_bad_cls_loss,test_bad_at_loss
0,83.96666666666667,2.511111111111111,12.458343073527018,3.400344330045912
epoch,test_clean_acc,test_bad_acc,test_bad_cls_loss,test_bad_at_loss
1,27.622222222222224,0.05555555555555555,9.340499639723037,1.777726432800293
epoch,test_clean_acc,test_bad_acc,test_bad_cls_loss,test_bad_at_loss
2,39.72222222222222,0.022222222222222223,6.086171354929606,1.4789878367318048
epoch,test_clean_acc,test_bad_acc,test_bad_cls_loss,test_bad_at_loss
3,65.32222222222222,3.8555555555555556,5.540327251858182,1.2154541254043578
epoch,test_clean_acc,test_bad_acc,test_bad_cls_loss,test_bad_at_loss
4,66.11111111111111,2.977777777777778,5.799202511257596,1.1959861045413547
epoch,test_clean_acc,test_bad_acc,test_bad_cls_loss,test_bad_at_loss
5,63.55555555555556,6.055555555555555,4.990582830641005,1.1933853999243842
epoch,test_clean_acc,test_bad_acc,test_bad_cls_loss,test_bad_at_loss
6,67.61111111111111,3.433333333333333,6.61448123465644,1.165519075711568
epoch,test_clean_acc,test_bad_acc,test_bad_cls_loss,test_bad_at_loss
7,68.71111111111111,2.977777777777778,6.374927568647596,1.1492243127822876
epoch,test_clean_acc,test_bad_acc,test_bad_cls_loss,test_bad_at_loss
8,67.72222222222223,5.2444444444444445,5.910124905480279,1.142380807240804
epoch,test_clean_acc,test_bad_acc,test_bad_cls_loss,test_bad_at_loss
9,68.91111111111111,1.7666666666666666,7.241278204176161,1.1352531694836088
epoch,test_clean_acc,test_bad_acc,test_bad_cls_loss,test_bad_at_loss
10,68.68888888888888,3.3222222222222224,6.8565903481377495,1.1137844117482503
epoch,test_clean_acc,test_bad_acc,test_bad_cls_loss,test_bad_at_loss
11,66.2,9.277777777777779,6.500124287499322,1.1004643555747138
epoch,test_clean_acc,test_bad_acc,test_bad_cls_loss,test_bad_at_loss
12,70.45555555555555,2.6222222222222222,6.542885968526204,1.0918810532887777
epoch,test_clean_acc,test_bad_acc,test_bad_cls_loss,test_bad_at_loss
13,70.02222222222223,2.3444444444444446,7.5134178771972655,1.081384358300103
epoch,test_clean_acc,test_bad_acc,test_bad_cls_loss,test_bad_at_loss
14,71.4,2.2888888888888888,7.708741549173991,1.0734676878187392
epoch,test_clean_acc,test_bad_acc,test_bad_cls_loss,test_bad_at_loss
15,69.05555555555556,5.7555555555555555,6.617965565999349,1.0577882172266642
epoch,test_clean_acc,test_bad_acc,test_bad_cls_loss,test_bad_at_loss
16,69.95555555555555,5.222222222222222,6.785925689697265,1.0482889551586574
epoch,test_clean_acc,test_bad_acc,test_bad_cls_loss,test_bad_at_loss
17,71.8,1.9444444444444444,7.376471631791857,1.0459458677503797
epoch,test_clean_acc,test_bad_acc,test_bad_cls_loss,test_bad_at_loss
18,72.53333333333333,2.6222222222222222,7.649687259250217,1.028047933684455
epoch,test_clean_acc,test_bad_acc,test_bad_cls_loss,test_bad_at_loss
19,71.91111111111111,4.011111111111111,7.806011670430501,1.0263323268360562
epoch,test_clean_acc,test_bad_acc,test_bad_cls_loss,test_bad_at_loss
20,71.57777777777778,1.3888888888888888,7.796980204688178,1.0316760618421768
epoch,test_clean_acc,test_bad_acc,test_bad_cls_loss,test_bad_at_loss
0,85.65555555555555,100.0,1.309850202149379e-07,12.054756830851238
epoch,test_clean_acc,test_bad_acc,test_bad_cls_loss,test_bad_at_loss
1,75.5,4.188888888888889,8.33623482937283,1.416928307109409
epoch,test_clean_acc,test_bad_acc,test_bad_cls_loss,test_bad_at_loss
0,83.96666666666667,2.511111111111111,12.458343073527018,3.400344330045912
epoch,test_clean_acc,test_bad_acc,test_bad_cls_loss,test_bad_at_loss
0,84.21111111111111,1.3666666666666667,12.753244447496202,4.2169990887112085
epoch,test_clean_acc,test_bad_acc,test_bad_cls_loss,test_bad_at_loss
1,22.566666666666666,6.155555555555556,6.996409216986762,1.6396854523552788
epoch,test_clean_acc,test_bad_acc,test_bad_cls_loss,test_bad_at_loss
2,48.37777777777778,0.36666666666666664,6.436472928788927,1.3629905143313938
epoch,test_clean_acc,test_bad_acc,test_bad_cls_loss,test_bad_at_loss
3,60.2,5.888888888888889,5.6495535859002,1.2472562648985122
epoch,test_clean_acc,test_bad_acc,test_bad_cls_loss,test_bad_at_loss
4,61.111111111111114,7.688888888888889,5.476386856926812,1.2367295683754815
epoch,test_clean_acc,test_bad_acc,test_bad_cls_loss,test_bad_at_loss
5,62.18888888888889,6.711111111111111,5.379585039774577,1.2048127823935615
epoch,test_clean_acc,test_bad_acc,test_bad_cls_loss,test_bad_at_loss
0,74.76666666666667,2.577777777777778,9.193128816392687,2.5427099380493163
epoch,test_clean_acc,test_bad_acc,test_bad_cls_loss,test_bad_at_loss
1,65.44444444444444,3.2777777777777777,7.867725812276205,1.3643574953079223
epoch,test_clean_acc,test_bad_acc,test_bad_cls_loss,test_bad_at_loss
0,85.65555555555555,100.0,1.309850202149379e-07,12.054756830851238
epoch,test_clean_acc,test_bad_acc,test_bad_cls_loss,test_bad_at_loss
0,74.0111111111111,5.266666666666667,12.81822962612576,2.592718423207601
epoch,test_clean_acc,test_bad_acc,test_bad_cls_loss,test_bad_at_loss
1,67.42222222222222,7.4,11.65774506632487,1.4351106712553237
epoch,test_clean_acc,test_bad_acc,test_bad_cls_loss,test_bad_at_loss
0,76.28888888888889,3.2666666666666666,8.466211439344619,3.3484001931084526
epoch,test_clean_acc,test_bad_acc,test_bad_cls_loss,test_bad_at_loss
0,74.65555555555555,100.0,7.947284548966611e-11,15.089012675815159
epoch,test_clean_acc,test_bad_acc,test_bad_cls_loss,test_bad_at_loss
0,79.57777777777778,0.8111111111111111,11.921828204684788,3.356519040213691
epoch,test_clean_acc,test_bad_acc,test_bad_cls_loss,test_bad_at_loss
1,63.6,5.944444444444445,10.910734572516548,1.426203614976671
epoch,test_clean_acc,test_bad_acc,test_bad_cls_loss,test_bad_at_loss
2,73.91111111111111,0.36666666666666664,10.83649233754476,1.1901470073064169
epoch,test_clean_acc,test_bad_acc,test_bad_cls_loss,test_bad_at_loss
3,80.0111111111111,3.8333333333333335,8.409261725107829,1.1111266817516752
epoch,test_clean_acc,test_bad_acc,test_bad_cls_loss,test_bad_at_loss
4,80.87777777777778,3.2,8.962383545769585,1.0903204094568888
epoch,test_clean_acc,test_bad_acc,test_bad_cls_loss,test_bad_at_loss
0,79.57777777777778,0.8111111111111111,11.921828204684788,3.356519040213691
epoch,test_clean_acc,test_bad_acc,test_bad_cls_loss,test_bad_at_loss
0,78.31111111111112,2.4555555555555557,10.245259645250108,2.755782211091783
epoch,test_clean_acc,test_bad_acc,test_bad_cls_loss,test_bad_at_loss
1,73.16666666666667,0.9222222222222223,9.827227846781414,1.3412770648532444
epoch,test_clean_acc,test_bad_acc,test_bad_cls_loss,test_bad_at_loss
0,85.65555555555555,100.0,1.309850202149379e-07,12.054756830851238
epoch,test_clean_acc,test_bad_acc,test_bad_cls_loss,test_bad_at_loss
0,74.65555555555555,100.0,7.947284548966611e-11,15.089012675815159
epoch,test_clean_acc,test_bad_acc,test_bad_cls_loss,test_bad_at_loss
0,73.14444444444445,3.6,11.831822187635634,2.6411433686150443
epoch,test_clean_acc,test_bad_acc,test_bad_cls_loss,test_bad_at_loss
1,69.84444444444445,1.5333333333333334,10.780380189683703,1.374678028424581
epoch,test_clean_acc,test_bad_acc,test_bad_cls_loss,test_bad_at_loss
0,78.07777777777778,100.0,5.5632125460070215e-05,10.844991521199544
epoch,test_clean_acc,test_bad_acc,test_bad_cls_loss,test_bad_at_loss
0,78.5111111111111,3.033333333333333,11.392800626966688,4.021902200486925
epoch,test_clean_acc,test_bad_acc,test_bad_cls_loss,test_bad_at_loss
0,78.5111111111111,99.25555555555556,0.03986504462625696,10.008497830708821
epoch,test_clean_acc,test_bad_acc,test_bad_cls_loss,test_bad_at_loss
0,71.67777777777778,98.5111111111111,0.05948065766553757,11.756146462334527
epoch,test_clean_acc,test_bad_acc,test_bad_cls_loss,test_bad_at_loss
1,69.34444444444445,5.055555555555555,5.729084117465549,1.3465167216195
epoch,test_clean_acc,test_bad_acc,test_bad_cls_loss,test_bad_at_loss
0,84.21111111111111,0.0,24.591437676323785,8.14821505355835
epoch,test_clean_acc,test_bad_acc,test_bad_cls_loss,test_bad_at_loss
1,34.955555555555556,0.022222222222222223,11.272898351881238,1.617186576737298
epoch,test_clean_acc,test_bad_acc,test_bad_cls_loss,test_bad_at_loss
0,83.72222222222223,99.43333333333334,0.02686945971892611,9.989582303365072
epoch,test_clean_acc,test_bad_acc,test_bad_cls_loss,test_bad_at_loss
0,83.72222222222223,99.43333333333334,0.02686945971892611,9.989582303365072
epoch,test_clean_acc,test_bad_acc,test_bad_cls_loss,test_bad_at_loss
1,72.87777777777778,3.433333333333333,9.491778172810873,1.433411676088969
epoch,test_clean_acc,test_bad_acc,test_bad_cls_loss,test_bad_at_loss
2,72.66666666666667,3.8666666666666667,7.002480472988553,1.2331178172429402
epoch,test_clean_acc,test_bad_acc,test_bad_cls_loss,test_bad_at_loss
3,80.07777777777778,2.433333333333333,8.258857164594863,1.144256942960951
epoch,test_clean_acc,test_bad_acc,test_bad_cls_loss,test_bad_at_loss
4,81.23333333333333,1.9777777777777779,8.294694318559435,1.124466535144382
epoch,test_clean_acc,test_bad_acc,test_bad_cls_loss,test_bad_at_loss
5,80.81111111111112,2.3,8.546916646321614,1.1185060520172119
epoch,test_clean_acc,test_bad_acc,test_bad_cls_loss,test_bad_at_loss
6,80.81111111111112,3.311111111111111,7.820371276431613,1.1051237445407445
epoch,test_clean_acc,test_bad_acc,test_bad_cls_loss,test_bad_at_loss
7,81.35555555555555,2.111111111111111,8.491662950727674,1.0989135642581516
epoch,test_clean_acc,test_bad_acc,test_bad_cls_loss,test_bad_at_loss
8,81.5,2.8444444444444446,8.337362368689643,1.0940107906129626
epoch,test_clean_acc,test_bad_acc,test_bad_cls_loss,test_bad_at_loss
9,81.41111111111111,2.3,8.890453204684787,1.0914951645533244
epoch,test_clean_acc,test_bad_acc,test_bad_cls_loss,test_bad_at_loss
10,81.81111111111112,2.6333333333333333,8.464961175282797,1.0804293304019503
epoch,test_clean_acc,test_bad_acc,test_bad_cls_loss,test_bad_at_loss
11,81.0,3.7777777777777777,8.3555022315979,1.0746300467385186
epoch,test_clean_acc,test_bad_acc,test_bad_cls_loss,test_bad_at_loss
12,81.68888888888888,2.1444444444444444,8.9108196305169,1.0785307149887084
epoch,test_clean_acc,test_bad_acc,test_bad_cls_loss,test_bad_at_loss
13,80.8,3.8444444444444446,8.402606024424236,1.0772216163211399
epoch,test_clean_acc,test_bad_acc,test_bad_cls_loss,test_bad_at_loss
14,82.06666666666666,2.3666666666666667,8.603382924397787,1.0624723264906142
epoch,test_clean_acc,test_bad_acc,test_bad_cls_loss,test_bad_at_loss
15,81.55555555555556,2.688888888888889,8.780250023735894,1.0605932789908514
epoch,test_clean_acc,test_bad_acc,test_bad_cls_loss,test_bad_at_loss
16,82.23333333333333,2.2111111111111112,8.916405165778267,1.0576278483072916
epoch,test_clean_acc,test_bad_acc,test_bad_cls_loss,test_bad_at_loss
17,81.9888888888889,2.6444444444444444,8.794263323465984,1.058722103436788
epoch,test_clean_acc,test_bad_acc,test_bad_cls_loss,test_bad_at_loss
18,81.75555555555556,3.088888888888889,8.570237778557672,1.0560514284769693
epoch,test_clean_acc,test_bad_acc,test_bad_cls_loss,test_bad_at_loss
19,82.07777777777778,2.2777777777777777,9.17572349802653,1.0368103571997749
epoch,test_clean_acc,test_bad_acc,test_bad_cls_loss,test_bad_at_loss
20,81.55555555555556,3.4444444444444446,8.67228906334771,1.0371384328206381
epoch,test_clean_acc,test_bad_acc,test_bad_cls_loss,test_bad_at_loss
0,85.65555555555555,2.5555555555555554,12.150713586595323,0.0025035779550671576
epoch,test_clean_acc,test_bad_acc,test_bad_cls_loss,test_bad_at_loss
1,67.95555555555555,7.822222222222222,9.095707119835748,0.001225251507634918
epoch,test_clean_acc,test_bad_acc,test_bad_cls_loss,test_bad_at_loss
2,56.53333333333333,22.433333333333334,5.397088865915935,0.0012432014525143636
epoch,test_clean_acc,test_bad_acc,test_bad_cls_loss,test_bad_at_loss
3,81.95555555555555,2.3666666666666667,9.223979326036241,0.0009440677920356393
epoch,test_clean_acc,test_bad_acc,test_bad_cls_loss,test_bad_at_loss
4,81.55555555555556,3.3,9.530607782151964,0.0009277784045682185
epoch,test_clean_acc,test_bad_acc,test_bad_cls_loss,test_bad_at_loss
5,82.9888888888889,2.2111111111111112,10.037440411037869,0.0009161612432346575
epoch,test_clean_acc,test_bad_acc,test_bad_cls_loss,test_bad_at_loss
0,83.72222222222223,99.43333333333334,0.02686945971892611,9.989582303365072
epoch,test_clean_acc,test_bad_acc,test_bad_cls_loss,test_bad_at_loss
0,85.65555555555555,2.5555555555555554,12.150713586595323,0.0025035779550671576
epoch,test_clean_acc,test_bad_acc,test_bad_cls_loss,test_bad_at_loss
0,85.65555555555555,2.5555555555555554,12.150713586595323,0.0025035779550671576
epoch,test_clean_acc,test_bad_acc,test_bad_cls_loss,test_bad_at_loss
1,70.11111111111111,2.566666666666667,11.230600699530708,0.0013066033449851803
0,69.9888888888889,46.266666666666666,3.014232870525784
1,59.266666666666666,20.622222222222224,5.947609092712402
0,70.47777777777777,51.12222222222222,2.7209557463328045
epoch,test_clean_acc,test_bad_acc,test_bad_cls_loss,test_bad_at_loss
0,83.72222222222223,99.43333333333334,0.02686945971892611,0.010163158671723472
epoch,test_clean_acc,test_bad_acc,test_bad_cls_loss,test_bad_at_loss
1,57.77777777777778,4.0777777777777775,10.150162283155653,0.0013727216706093815
epoch,test_clean_acc,test_bad_acc,test_bad_cls_loss,test_bad_at_loss
2,74.38888888888889,6.166666666666667,8.717110591464573,0.0011813939056462713
epoch,test_clean_acc,test_bad_acc,test_bad_cls_loss,test_bad_at_loss
3,79.13333333333334,3.3222222222222224,8.681302107069227,0.0010493260336418946
epoch,test_clean_acc,test_bad_acc,test_bad_cls_loss,test_bad_at_loss
4,79.95555555555555,3.6777777777777776,8.4756803855896,0.0010312548297353916
epoch,test_clean_acc,test_bad_acc,test_bad_cls_loss,test_bad_at_loss
5,80.12222222222222,4.1,8.138006662156847,0.0010183409478308426
epoch,test_clean_acc,test_bad_acc,test_bad_cls_loss,test_bad_at_loss
6,80.52222222222223,3.3,8.349462347242568,0.0010051063014608291
epoch,test_clean_acc,test_bad_acc,test_bad_cls_loss,test_bad_at_loss
7,80.63333333333334,3.4,8.31841989050971,0.0009924774832195705
epoch,test_clean_acc,test_bad_acc,test_bad_cls_loss,test_bad_at_loss
8,80.68888888888888,3.3666666666666667,8.409349671257866,0.0009782549957227376
epoch,test_clean_acc,test_bad_acc,test_bad_cls_loss,test_bad_at_loss
9,80.62222222222222,3.7222222222222223,8.23938256072998,0.0009792942581698298
epoch,test_clean_acc,test_bad_acc,test_bad_cls_loss,test_bad_at_loss
10,79.9,4.044444444444444,8.260555155012343,0.0009703585315081808
epoch,test_clean_acc,test_bad_acc,test_bad_cls_loss,test_bad_at_loss
11,81.1,3.2555555555555555,8.410031406826443,0.0009653575430727667
epoch,test_clean_acc,test_bad_acc,test_bad_cls_loss,test_bad_at_loss
12,81.21111111111111,2.8444444444444446,8.515276273091635,0.0009577151017987894
epoch,test_clean_acc,test_bad_acc,test_bad_cls_loss,test_bad_at_loss
13,80.81111111111112,3.2777777777777777,8.41991816245185,0.000960754244381355
epoch,test_clean_acc,test_bad_acc,test_bad_cls_loss,test_bad_at_loss
14,81.41111111111111,3.2222222222222223,8.178615652296278,0.0009581027028357817
epoch,test_clean_acc,test_bad_acc,test_bad_cls_loss,test_bad_at_loss
15,80.4,4.7555555555555555,8.281639637841119,0.0009514374874221782
epoch,test_clean_acc,test_bad_acc,test_bad_cls_loss,test_bad_at_loss
16,81.78888888888889,2.888888888888889,8.698488358391655,0.0009456146124543415
epoch,test_clean_acc,test_bad_acc,test_bad_cls_loss,test_bad_at_loss
17,81.25555555555556,4.4222222222222225,7.7233608627319335,0.0009365239904469086
epoch,test_clean_acc,test_bad_acc,test_bad_cls_loss,test_bad_at_loss
18,81.66666666666667,2.9555555555555557,8.718078965504963,0.0009260701730122997
epoch,test_clean_acc,test_bad_acc,test_bad_cls_loss,test_bad_at_loss
19,81.34444444444445,3.577777777777778,8.321393415662978,0.0009229619445589682
epoch,test_clean_acc,test_bad_acc,test_bad_cls_loss,test_bad_at_loss
20,81.78888888888889,3.6555555555555554,8.26518043645223,0.0009297257359657023
epoch,test_clean_acc,test_bad_acc,test_bad_cls_loss,test_bad_at_loss
0,83.1,99.94444444444444,0.001976289100576145,2.7879893016815185
epoch,test_clean_acc,test_bad_acc,test_bad_cls_loss,test_bad_at_loss
1,65.58888888888889,38.03333333333333,1.6331233452690972,1.5413251498540244
epoch,test_clean_acc,test_bad_acc,test_bad_cls_loss,test_bad_at_loss
2,70.46666666666667,1.8888888888888888,4.089881507237752,1.191265521367391
epoch,test_clean_acc,test_bad_acc,test_bad_cls_loss,test_bad_at_loss
3,81.15555555555555,0.8222222222222222,4.729305742899577,1.1571412062115138
epoch,test_clean_acc,test_bad_acc,test_bad_cls_loss,test_bad_at_loss
4,80.72222222222223,2.7222222222222223,3.9661052633921305,1.1480229728486804
epoch,test_clean_acc,test_bad_acc,test_bad_cls_loss,test_bad_at_loss
5,81.52222222222223,2.6555555555555554,4.015194657855564,1.1410105027092827
epoch,test_clean_acc,test_bad_acc,test_bad_cls_loss,test_bad_at_loss
6,81.52222222222223,3.0444444444444443,3.904964109632704,1.132433606677585
epoch,test_clean_acc,test_bad_acc,test_bad_cls_loss,test_bad_at_loss
7,81.61111111111111,3.533333333333333,3.736430821948581,1.1260400970247058
epoch,test_clean_acc,test_bad_acc,test_bad_cls_loss,test_bad_at_loss
8,81.88888888888889,4.166666666666667,3.978539199617174,1.1331663757960002
epoch,test_clean_acc,test_bad_acc,test_bad_cls_loss,test_bad_at_loss
9,82.27777777777777,4.033333333333333,3.839940688663059,1.130723750538296
epoch,test_clean_acc,test_bad_acc,test_bad_cls_loss,test_bad_at_loss
10,82.0111111111111,4.066666666666666,3.9433848453097875,1.1024765327241686
epoch,test_clean_acc,test_bad_acc,test_bad_cls_loss,test_bad_at_loss
11,82.64444444444445,3.8333333333333335,3.6780972446865507,1.107455659336514
epoch,test_clean_acc,test_bad_acc,test_bad_cls_loss,test_bad_at_loss
12,82.32222222222222,3.7666666666666666,3.749381612565782,1.1036838499704997
epoch,test_clean_acc,test_bad_acc,test_bad_cls_loss,test_bad_at_loss
13,82.55555555555556,4.733333333333333,3.438539461347792,1.1189352073669434
epoch,test_clean_acc,test_bad_acc,test_bad_cls_loss,test_bad_at_loss
14,81.83333333333333,9.122222222222222,3.069900894376967,1.1272940272225274
epoch,test_clean_acc,test_bad_acc,test_bad_cls_loss,test_bad_at_loss
15,82.38888888888889,9.744444444444444,2.899206454171075,1.1137730835808648
epoch,test_clean_acc,test_bad_acc,test_bad_cls_loss,test_bad_at_loss
16,82.35555555555555,11.088888888888889,2.893691216362847,1.118775444984436
epoch,test_clean_acc,test_bad_acc,test_bad_cls_loss,test_bad_at_loss
17,82.36666666666666,12.133333333333333,3.0017494667900935,1.092450176662869
epoch,test_clean_acc,test_bad_acc,test_bad_cls_loss,test_bad_at_loss
18,82.46666666666667,11.188888888888888,3.043070275624593,1.0954319647683037
epoch,test_clean_acc,test_bad_acc,test_bad_cls_loss,test_bad_at_loss
19,82.68888888888888,9.911111111111111,2.902546864827474,1.1025588774151271
epoch,test_clean_acc,test_bad_acc,test_bad_cls_loss,test_bad_at_loss
20,82.15555555555555,10.11111111111111,3.065397872289022,1.1020037741131252
epoch,test_clean_acc,test_bad_acc,test_bad_cls_loss,test_bad_at_loss
0,83.1,99.94444444444444,0.001976289100576145,2.7879893016815185
epoch,test_clean_acc,test_bad_acc,test_bad_cls_loss,test_bad_at_loss
1,58.955555555555556,56.27777777777778,2.3259891441133287,1.5173501996994019
epoch,test_clean_acc,test_bad_acc,test_bad_cls_loss,test_bad_at_loss
2,73.04444444444445,7.188888888888889,4.634662014855279,1.2272161343892416
epoch,test_clean_acc,test_bad_acc,test_bad_cls_loss,test_bad_at_loss
3,80.5111111111111,12.411111111111111,2.9118834709591335,1.270664956410726
epoch,test_clean_acc,test_bad_acc,test_bad_cls_loss,test_bad_at_loss
4,82.05555555555556,6.2,3.428962387508816,1.2310087381998698
epoch,test_clean_acc,test_bad_acc,test_bad_cls_loss,test_bad_at_loss
5,80.4888888888889,10.644444444444444,3.152744119856093,1.2222909996244642
epoch,test_clean_acc,test_bad_acc,test_bad_cls_loss,test_bad_at_loss
6,81.47777777777777,7.722222222222222,3.407883769141303,1.2052903685039944
epoch,test_clean_acc,test_bad_acc,test_bad_cls_loss,test_bad_at_loss
7,81.45555555555555,9.566666666666666,3.259252913792928,1.180774853070577
epoch,test_clean_acc,test_bad_acc,test_bad_cls_loss,test_bad_at_loss
8,81.82222222222222,7.844444444444444,3.5887668656243217,1.1652707086139256
epoch,test_clean_acc,test_bad_acc,test_bad_cls_loss,test_bad_at_loss
9,81.63333333333334,5.688888888888889,3.74708039326138,1.150832228872511
epoch,test_clean_acc,test_bad_acc,test_bad_cls_loss,test_bad_at_loss
10,81.38888888888889,9.8,3.431941843032837,1.127091261015998
epoch,test_clean_acc,test_bad_acc,test_bad_cls_loss,test_bad_at_loss
11,81.9888888888889,6.822222222222222,3.5991804762946233,1.148864830440945
epoch,test_clean_acc,test_bad_acc,test_bad_cls_loss,test_bad_at_loss
12,81.93333333333334,6.6,3.7599014600118,1.1237104545169407
epoch,test_clean_acc,test_bad_acc,test_bad_cls_loss,test_bad_at_loss
13,81.97777777777777,6.655555555555556,3.4299183521270753,1.1330595499674478
epoch,test_clean_acc,test_bad_acc,test_bad_cls_loss,test_bad_at_loss
14,82.33333333333333,5.855555555555555,3.6424775053660077,1.1117262587017482
epoch,test_clean_acc,test_bad_acc,test_bad_cls_loss,test_bad_at_loss
15,81.74444444444444,8.155555555555555,3.572828781339857,1.1220759151246813
epoch,test_clean_acc,test_bad_acc,test_bad_cls_loss,test_bad_at_loss
16,82.06666666666666,6.444444444444445,3.5247775234646266,1.1209601249694825
epoch,test_clean_acc,test_bad_acc,test_bad_cls_loss,test_bad_at_loss
17,82.34444444444445,4.611111111111111,3.822189785639445,1.1060575789345635
epoch,test_clean_acc,test_bad_acc,test_bad_cls_loss,test_bad_at_loss
18,81.9,5.477777777777778,3.6597584376864964,1.1190660849677192
epoch,test_clean_acc,test_bad_acc,test_bad_cls_loss,test_bad_at_loss
19,82.23333333333333,6.5,3.501123266008165,1.113650120417277
epoch,test_clean_acc,test_bad_acc,test_bad_cls_loss,test_bad_at_loss
20,82.18888888888888,9.433333333333334,3.5857271539900037,1.093887091530694
epoch,test_clean_acc,test_bad_acc,test_bad_cls_loss,test_bad_at_loss
21,82.38888888888889,7.644444444444445,3.8953073122236463,1.0839946882459852
epoch,test_clean_acc,test_bad_acc,test_bad_cls_loss,test_bad_at_loss
22,82.13333333333334,9.88888888888889,3.5464073435465493,1.0936419781578912
epoch,test_clean_acc,test_bad_acc,test_bad_cls_loss,test_bad_at_loss
23,81.87777777777778,9.466666666666667,3.5758179410298667,1.0951763656404283
epoch,test_clean_acc,test_bad_acc,test_bad_cls_loss,test_bad_at_loss
24,82.16666666666667,10.233333333333333,3.4374255345662434,1.0887424873775906
epoch,test_clean_acc,test_bad_acc,test_bad_cls_loss,test_bad_at_loss
25,81.82222222222222,9.022222222222222,3.7190774451361763,1.0789111467997232
epoch,test_clean_acc,test_bad_acc,test_bad_cls_loss,test_bad_at_loss
26,81.87777777777778,10.455555555555556,3.543100242190891,1.0958906084696451
epoch,test_clean_acc,test_bad_acc,test_bad_cls_loss,test_bad_at_loss
27,82.13333333333334,8.766666666666667,3.326170834011502,1.1021485002305773
epoch,test_clean_acc,test_bad_acc,test_bad_cls_loss,test_bad_at_loss
28,82.41111111111111,7.611111111111111,3.895880835427178,1.0784160721037124
epoch,test_clean_acc,test_bad_acc,test_bad_cls_loss,test_bad_at_loss
29,82.25555555555556,9.222222222222221,3.728844014485677,1.081131862004598
epoch,test_clean_acc,test_bad_acc,test_bad_cls_loss,test_bad_at_loss
30,82.1,7.411111111111111,3.979229821311103,1.082732215139601
epoch,test_clean_acc,test_bad_acc,test_bad_cls_loss,test_bad_at_loss
0,83.1,99.94444444444444,0.001976289100576145,0.002852205473308762
epoch,test_clean_acc,test_bad_acc,test_bad_cls_loss,test_bad_at_loss
1,61.577777777777776,2.7555555555555555,4.542202127244737,0.001430280291268395
epoch,test_clean_acc,test_bad_acc,test_bad_cls_loss,test_bad_at_loss
2,67.84444444444445,0.25555555555555554,11.775751282585992,0.0012074559217111931
epoch,test_clean_acc,test_bad_acc,test_bad_cls_loss,test_bad_at_loss
3,79.65555555555555,1.4,5.300377880944146,0.0010806520349449583
epoch,test_clean_acc,test_bad_acc,test_bad_cls_loss,test_bad_at_loss
4,80.34444444444445,2.3555555555555556,5.446684097290039,0.0010657072797831562
epoch,test_clean_acc,test_bad_acc,test_bad_cls_loss,test_bad_at_loss
5,81.21111111111111,1.211111111111111,4.557752191755506,0.0010690486333850358
epoch,test_clean_acc,test_bad_acc,test_bad_cls_loss,test_bad_at_loss
6,81.55555555555556,0.7333333333333333,5.4259027998182505,0.0010421903729438782
epoch,test_clean_acc,test_bad_acc,test_bad_cls_loss,test_bad_at_loss
7,80.87777777777778,1.5666666666666667,5.119077597300212,0.0010433432534337043
epoch,test_clean_acc,test_bad_acc,test_bad_cls_loss,test_bad_at_loss
8,81.64444444444445,0.7555555555555555,5.21682032055325,0.001060588541958067
epoch,test_clean_acc,test_bad_acc,test_bad_cls_loss,test_bad_at_loss
9,81.63333333333334,0.8777777777777778,5.486487125396729,0.001040685623159839
epoch,test_clean_acc,test_bad_acc,test_bad_cls_loss,test_bad_at_loss
10,81.44444444444444,1.1888888888888889,5.316882233513726,0.0010438010874721738
epoch,test_clean_acc,test_bad_acc,test_bad_cls_loss,test_bad_at_loss
11,81.7,0.9,5.707911064571804,0.0010457307720142933
epoch,test_clean_acc,test_bad_acc,test_bad_cls_loss,test_bad_at_loss
12,82.06666666666666,0.35555555555555557,5.436720334370931,0.0010524461493930882
epoch,test_clean_acc,test_bad_acc,test_bad_cls_loss,test_bad_at_loss
13,81.15555555555555,0.34444444444444444,5.715447834438748,0.001040650729710857
epoch,test_clean_acc,test_bad_acc,test_bad_cls_loss,test_bad_at_loss
14,82.34444444444445,0.5222222222222223,5.3478949644300675,0.0010437934673908683
epoch,test_clean_acc,test_bad_acc,test_bad_cls_loss,test_bad_at_loss
15,81.92222222222222,0.6111111111111112,5.534091108110216,0.001036927627089123
epoch,test_clean_acc,test_bad_acc,test_bad_cls_loss,test_bad_at_loss
16,82.36666666666666,0.4111111111111111,6.0603592054579,0.0010206024255603552
epoch,test_clean_acc,test_bad_acc,test_bad_cls_loss,test_bad_at_loss
17,82.03333333333333,0.5333333333333333,5.790214808993869,0.0010207787098156082
epoch,test_clean_acc,test_bad_acc,test_bad_cls_loss,test_bad_at_loss
18,82.17777777777778,0.3111111111111111,5.843645529005262,0.0010157074961397383
epoch,test_clean_acc,test_bad_acc,test_bad_cls_loss,test_bad_at_loss
19,81.96666666666667,0.24444444444444444,6.145325623406304,0.0010062483711582092
epoch,test_clean_acc,test_bad_acc,test_bad_cls_loss,test_bad_at_loss
20,82.0,0.6333333333333333,5.320834222581651,0.0010159579985775052
epoch,test_clean_acc,test_bad_acc,test_bad_cls_loss,test_bad_at_loss
0,85.65555555555555,100.0,1.309850202149379e-07,12.054756830851238
epoch,test_clean_acc,test_bad_acc,test_bad_cls_loss,test_bad_at_loss
1,66.45555555555555,18.533333333333335,6.342457995944553,2.5449098729027644
epoch,test_clean_acc,test_bad_acc,test_bad_cls_loss,test_bad_at_loss
2,69.61111111111111,15.1,6.766953375074599,1.8246133424970838
epoch,test_clean_acc,test_bad_acc,test_bad_cls_loss,test_bad_at_loss
3,76.37777777777778,13.777777777777779,7.36031886376275,1.7377221570544772
epoch,test_clean_acc,test_bad_acc,test_bad_cls_loss,test_bad_at_loss
4,78.36666666666666,13.455555555555556,7.660074792226156,1.716947065035502
epoch,test_clean_acc,test_bad_acc,test_bad_cls_loss,test_bad_at_loss
5,79.35555555555555,11.9,7.962998836093479,1.720995581732856
epoch,test_clean_acc,test_bad_acc,test_bad_cls_loss,test_bad_at_loss
6,80.0,10.71111111111111,8.342483660380045,1.6921922505696614
epoch,test_clean_acc,test_bad_acc,test_bad_cls_loss,test_bad_at_loss
7,80.61111111111111,10.844444444444445,8.067358184814454,1.6693256086773343
epoch,test_clean_acc,test_bad_acc,test_bad_cls_loss,test_bad_at_loss
8,80.94444444444444,11.366666666666667,7.730111478169759,1.6711367634667291
epoch,test_clean_acc,test_bad_acc,test_bad_cls_loss,test_bad_at_loss
9,81.07777777777778,11.866666666666667,7.7191253874037,1.6564901807573107
epoch,test_clean_acc,test_bad_acc,test_bad_cls_loss,test_bad_at_loss
10,81.3,12.2,7.830353926340739,1.6441483340793186
epoch,test_clean_acc,test_bad_acc,test_bad_cls_loss,test_bad_at_loss
11,81.33333333333333,12.455555555555556,7.659401943630642,1.639075007756551
epoch,test_clean_acc,test_bad_acc,test_bad_cls_loss,test_bad_at_loss
12,81.2,11.766666666666667,7.787161329057482,1.6325801163779365
epoch,test_clean_acc,test_bad_acc,test_bad_cls_loss,test_bad_at_loss
13,81.5111111111111,11.1,7.83071208996243,1.626975507736206
epoch,test_clean_acc,test_bad_acc,test_bad_cls_loss,test_bad_at_loss
14,81.88888888888889,10.38888888888889,8.100848470899793,1.609074543952942
epoch,test_clean_acc,test_bad_acc,test_bad_cls_loss,test_bad_at_loss
15,81.72222222222223,10.577777777777778,8.232741533491346,1.5929592481189303
epoch,test_clean_acc,test_bad_acc,test_bad_cls_loss,test_bad_at_loss
16,81.52222222222223,11.255555555555556,8.130571244557698,1.5919373877843221
epoch,test_clean_acc,test_bad_acc,test_bad_cls_loss,test_bad_at_loss
17,81.4,11.61111111111111,8.015869581010607,1.586707401169671
epoch,test_clean_acc,test_bad_acc,test_bad_cls_loss,test_bad_at_loss
18,81.85555555555555,11.1,8.20169360393948,1.5828695345984565
epoch,test_clean_acc,test_bad_acc,test_bad_cls_loss,test_bad_at_loss
19,82.15555555555555,10.6,8.260197988298204,1.5642370409435695
epoch,test_clean_acc,test_bad_acc,test_bad_cls_loss,test_bad_at_loss
20,82.13333333333334,10.766666666666667,8.168015706804063,1.5552583656311034
epoch,test_clean_acc,test_bad_acc,test_bad_cls_loss,test_bad_at_loss
0,85.65555555555555,100.0,1.309850202149379e-07,12.054756830851238
epoch,test_clean_acc,test_bad_acc,test_bad_cls_loss,test_bad_at_loss
1,75.35555555555555,7.888888888888889,8.331149183485243,1.284298198170132
epoch,test_clean_acc,test_bad_acc,test_bad_cls_loss,test_bad_at_loss
2,64.15555555555555,2.022222222222222,11.20721544816759,1.306832435184055
epoch,test_clean_acc,test_bad_acc,test_bad_cls_loss,test_bad_at_loss
3,84.5,2.966666666666667,8.660457329644098,1.0215652822918362
epoch,test_clean_acc,test_bad_acc,test_bad_cls_loss,test_bad_at_loss
4,84.46666666666667,3.3555555555555556,8.546866645389134,1.0023056037690905
epoch,test_clean_acc,test_bad_acc,test_bad_cls_loss,test_bad_at_loss
5,84.7,3.2,8.722408348931207,0.9834796919822693
epoch,test_clean_acc,test_bad_acc,test_bad_cls_loss,test_bad_at_loss
6,84.67777777777778,3.077777777777778,9.095219743092855,0.9898165583080716
epoch,test_clean_acc,test_bad_acc,test_bad_cls_loss,test_bad_at_loss
7,84.91111111111111,3.0,8.989736256493462,0.9699787110222711
epoch,test_clean_acc,test_bad_acc,test_bad_cls_loss,test_bad_at_loss
8,84.94444444444444,3.022222222222222,9.353095606486002,0.9667307100296021
epoch,test_clean_acc,test_bad_acc,test_bad_cls_loss,test_bad_at_loss
9,83.7,4.977777777777778,8.874917368994819,0.9646175996992323
epoch,test_clean_acc,test_bad_acc,test_bad_cls_loss,test_bad_at_loss
10,84.47777777777777,3.977777777777778,8.62614976671007,0.9642579283184476
epoch,test_clean_acc,test_bad_acc,test_bad_cls_loss,test_bad_at_loss
11,84.38888888888889,4.511111111111111,8.991708499484591,0.9448693504333496
epoch,test_clean_acc,test_bad_acc,test_bad_cls_loss,test_bad_at_loss
12,84.56666666666666,3.4444444444444446,9.409893630981445,0.9398619235356649
epoch,test_clean_acc,test_bad_acc,test_bad_cls_loss,test_bad_at_loss
13,85.02222222222223,2.6333333333333333,9.649198281182183,0.9384556528197394
epoch,test_clean_acc,test_bad_acc,test_bad_cls_loss,test_bad_at_loss
14,84.54444444444445,3.466666666666667,9.230167232089572,0.9215446883837382
epoch,test_clean_acc,test_bad_acc,test_bad_cls_loss,test_bad_at_loss
15,84.5111111111111,3.8,9.54806889597575,0.9241928617689344
epoch,test_clean_acc,test_bad_acc,test_bad_cls_loss,test_bad_at_loss
16,84.86666666666666,3.1555555555555554,9.841021087646485,0.9136613647143046
epoch,test_clean_acc,test_bad_acc,test_bad_cls_loss,test_bad_at_loss
17,84.5,3.5555555555555554,10.10866864098443,0.902095329867469
epoch,test_clean_acc,test_bad_acc,test_bad_cls_loss,test_bad_at_loss
18,83.82222222222222,4.622222222222222,9.06218470594618,0.8943047715293037
epoch,test_clean_acc,test_bad_acc,test_bad_cls_loss,test_bad_at_loss
19,83.71111111111111,4.811111111111111,9.12359454176161,0.8959543526437548
epoch,test_clean_acc,test_bad_acc,test_bad_cls_loss,test_bad_at_loss
20,84.54444444444445,3.2777777777777777,9.111988594055175,0.8894549922943116
epoch,test_clean_acc,test_bad_acc,test_bad_cls_loss,test_bad_at_loss
0,85.65555555555555,100.0,1.309850202149379e-07,12.054756830851238
epoch,test_clean_acc,test_bad_acc,test_bad_cls_loss,test_bad_at_loss
1,82.08888888888889,5.0777777777777775,7.3734751930236815,1.0981004544364081
epoch,test_clean_acc,test_bad_acc,test_bad_cls_loss,test_bad_at_loss
2,82.18888888888888,0.8444444444444444,9.54822120581733,0.991280287000868
epoch,test_clean_acc,test_bad_acc,test_bad_cls_loss,test_bad_at_loss
3,85.0111111111111,2.311111111111111,8.488510478125677,0.9033569787873162
epoch,test_clean_acc,test_bad_acc,test_bad_cls_loss,test_bad_at_loss
4,85.31111111111112,3.2,8.452456311543783,0.8939093034002517
epoch,test_clean_acc,test_bad_acc,test_bad_cls_loss,test_bad_at_loss
5,85.6,2.088888888888889,9.265215560913086,0.8766493328412374
epoch,test_clean_acc,test_bad_acc,test_bad_cls_loss,test_bad_at_loss
6,85.21111111111111,3.2111111111111112,8.908569539811877,0.8654494384129842
epoch,test_clean_acc,test_bad_acc,test_bad_cls_loss,test_bad_at_loss
7,85.18888888888888,3.422222222222222,8.771633269839816,0.8594085414144728
epoch,test_clean_acc,test_bad_acc,test_bad_cls_loss,test_bad_at_loss
8,85.65555555555555,2.2444444444444445,9.475219346788194,0.8521798236634996
epoch,test_clean_acc,test_bad_acc,test_bad_cls_loss,test_bad_at_loss
9,85.9,2.8777777777777778,9.167054299248589,0.8419984766112434
epoch,test_clean_acc,test_bad_acc,test_bad_cls_loss,test_bad_at_loss
10,86.25555555555556,2.022222222222222,9.912149459838867,0.8329459206263224
epoch,test_clean_acc,test_bad_acc,test_bad_cls_loss,test_bad_at_loss
11,85.81111111111112,2.2444444444444445,9.5006630859375,0.8284818583594428
epoch,test_clean_acc,test_bad_acc,test_bad_cls_loss,test_bad_at_loss
12,85.56666666666666,2.6555555555555554,9.528179005940755,0.8255713083479139
epoch,test_clean_acc,test_bad_acc,test_bad_cls_loss,test_bad_at_loss
13,85.58888888888889,2.6333333333333333,9.682031573825412,0.8176002712249756
epoch,test_clean_acc,test_bad_acc,test_bad_cls_loss,test_bad_at_loss
14,85.24444444444444,2.511111111111111,9.956737013075086,0.814274048752255
epoch,test_clean_acc,test_bad_acc,test_bad_cls_loss,test_bad_at_loss
15,85.71111111111111,2.688888888888889,9.660369620429146,0.8007965683407253
epoch,test_clean_acc,test_bad_acc,test_bad_cls_loss,test_bad_at_loss
16,84.97777777777777,2.9444444444444446,9.478998408847385,0.8074270944065518
epoch,test_clean_acc,test_bad_acc,test_bad_cls_loss,test_bad_at_loss
17,85.74444444444444,2.6333333333333333,9.706172823588053,0.7972631958855523
epoch,test_clean_acc,test_bad_acc,test_bad_cls_loss,test_bad_at_loss
18,86.05555555555556,2.3222222222222224,9.93626644982232,0.7918922437032064
epoch,test_clean_acc,test_bad_acc,test_bad_cls_loss,test_bad_at_loss
19,86.38888888888889,1.6444444444444444,9.805155686272515,0.7928615201844109
epoch,test_clean_acc,test_bad_acc,test_bad_cls_loss,test_bad_at_loss
20,86.21111111111111,1.6222222222222222,10.045402135213216,0.7823009912702772
epoch,test_clean_acc,test_bad_acc,test_bad_cls_loss,test_bad_at_loss
0,85.65555555555555,100.0,1.309850202149379e-07,0.012193397144476573
epoch,test_clean_acc,test_bad_acc,test_bad_cls_loss,test_bad_at_loss
1,45.266666666666666,0.4666666666666667,12.495516372680664,0.002099375147372484
epoch,test_clean_acc,test_bad_acc,test_bad_cls_loss,test_bad_at_loss
2,53.522222222222226,0.8222222222222222,13.468129018147787,0.0015975140505987736
epoch,test_clean_acc,test_bad_acc,test_bad_cls_loss,test_bad_at_loss
3,69.12222222222222,4.7555555555555555,11.4675851465861,0.0013869685895947946
epoch,test_clean_acc,test_bad_acc,test_bad_cls_loss,test_bad_at_loss
4,75.7,7.0777777777777775,10.485244239807129,0.0013289412919224965
epoch,test_clean_acc,test_bad_acc,test_bad_cls_loss,test_bad_at_loss
5,77.3,7.466666666666667,10.153697160508898,0.0013106516441330313
epoch,test_clean_acc,test_bad_acc,test_bad_cls_loss,test_bad_at_loss
6,77.27777777777777,7.866666666666666,9.966526707967123,0.0012938620926191409
epoch,test_clean_acc,test_bad_acc,test_bad_cls_loss,test_bad_at_loss
7,77.56666666666666,7.855555555555555,9.898595492045084,0.0012765511908671922
epoch,test_clean_acc,test_bad_acc,test_bad_cls_loss,test_bad_at_loss
8,78.35555555555555,7.022222222222222,10.140527189466688,0.0012641675779595971
epoch,test_clean_acc,test_bad_acc,test_bad_cls_loss,test_bad_at_loss
9,78.74444444444444,6.7444444444444445,10.055845189412436,0.0012514560240217381
epoch,test_clean_acc,test_bad_acc,test_bad_cls_loss,test_bad_at_loss
10,79.37777777777778,6.144444444444445,10.216510216606988,0.0012372604849644833
epoch,test_clean_acc,test_bad_acc,test_bad_cls_loss,test_bad_at_loss
11,79.54444444444445,5.977777777777778,10.407272147284614,0.0012293130858904786
epoch,test_clean_acc,test_bad_acc,test_bad_cls_loss,test_bad_at_loss
12,80.0,5.7444444444444445,10.331145299275716,0.001221700268280175
epoch,test_clean_acc,test_bad_acc,test_bad_cls_loss,test_bad_at_loss
13,80.45555555555555,4.966666666666667,10.509010654873318,0.0012145757720702225
epoch,test_clean_acc,test_bad_acc,test_bad_cls_loss,test_bad_at_loss
14,80.8,4.8,10.65229852379693,0.0012052984948580463
epoch,test_clean_acc,test_bad_acc,test_bad_cls_loss,test_bad_at_loss
15,80.63333333333334,5.133333333333334,10.745904518975152,0.0012091670578552617
epoch,test_clean_acc,test_bad_acc,test_bad_cls_loss,test_bad_at_loss
16,80.2,6.677777777777778,9.889113859388564,0.0012033896336538924
epoch,test_clean_acc,test_bad_acc,test_bad_cls_loss,test_bad_at_loss
17,79.52222222222223,7.7444444444444445,9.76175890604655,0.0011938938421921597
epoch,test_clean_acc,test_bad_acc,test_bad_cls_loss,test_bad_at_loss
18,80.12222222222222,6.277777777777778,10.152788576761882,0.0011925995248473352
epoch,test_clean_acc,test_bad_acc,test_bad_cls_loss,test_bad_at_loss
19,80.27777777777777,5.711111111111111,10.683427981906467,0.0011837900405128796
epoch,test_clean_acc,test_bad_acc,test_bad_cls_loss,test_bad_at_loss
20,80.55555555555556,5.533333333333333,10.576535218132866,0.0011746587010307444
epoch,test_clean_acc,test_bad_acc,test_bad_cls_loss,test_bad_at_loss
0,85.65555555555555,100.0,1.309850202149379e-07,0.012193397144476573
epoch,test_clean_acc,test_bad_acc,test_bad_cls_loss,test_bad_at_loss
1,65.45555555555555,14.344444444444445,5.848415918562147,0.001160654022358358
epoch,test_clean_acc,test_bad_acc,test_bad_cls_loss,test_bad_at_loss
2,68.77777777777777,18.533333333333335,5.20188052283393,0.0010070779817178846
epoch,test_clean_acc,test_bad_acc,test_bad_cls_loss,test_bad_at_loss
3,83.25555555555556,2.7888888888888888,8.314961506313749,0.000862417422597193
epoch,test_clean_acc,test_bad_acc,test_bad_cls_loss,test_bad_at_loss
4,83.26666666666667,2.4444444444444446,8.480478871239557,0.0008493131157010793
epoch,test_clean_acc,test_bad_acc,test_bad_cls_loss,test_bad_at_loss
5,83.84444444444445,1.9111111111111112,8.820937950134278,0.0008433099766261876
epoch,test_clean_acc,test_bad_acc,test_bad_cls_loss,test_bad_at_loss
6,83.28888888888889,2.7555555555555555,8.656001843770346,0.0008376690418873396
epoch,test_clean_acc,test_bad_acc,test_bad_cls_loss,test_bad_at_loss
7,82.65555555555555,4.1,8.020055542839899,0.0008277188585553732
epoch,test_clean_acc,test_bad_acc,test_bad_cls_loss,test_bad_at_loss
8,84.14444444444445,2.3666666666666667,8.7332834048801,0.0008223121826950874
epoch,test_clean_acc,test_bad_acc,test_bad_cls_loss,test_bad_at_loss
9,83.78888888888889,2.6444444444444444,8.572023541768392,0.000811046715049694
epoch,test_clean_acc,test_bad_acc,test_bad_cls_loss,test_bad_at_loss
10,84.07777777777778,2.5555555555555554,8.765785808139377,0.0008087809159834352
epoch,test_clean_acc,test_bad_acc,test_bad_cls_loss,test_bad_at_loss
11,83.72222222222223,2.8555555555555556,8.739003644307454,0.0008001861421701808
epoch,test_clean_acc,test_bad_acc,test_bad_cls_loss,test_bad_at_loss
12,83.91111111111111,2.7888888888888888,8.914276894463432,0.0007925558920121855
epoch,test_clean_acc,test_bad_acc,test_bad_cls_loss,test_bad_at_loss
13,84.22222222222223,2.4,8.946118906656901,0.0007901430317821602
epoch,test_clean_acc,test_bad_acc,test_bad_cls_loss,test_bad_at_loss
14,83.43333333333334,3.477777777777778,8.430527868482802,0.0007850518325447208
epoch,test_clean_acc,test_bad_acc,test_bad_cls_loss,test_bad_at_loss
15,83.64444444444445,2.7,8.806225965711805,0.000780438475517763
epoch,test_clean_acc,test_bad_acc,test_bad_cls_loss,test_bad_at_loss
16,84.0,3.1444444444444444,8.714460334353976,0.0007755232754473885
epoch,test_clean_acc,test_bad_acc,test_bad_cls_loss,test_bad_at_loss
17,83.75555555555556,3.2888888888888888,8.616257731119791,0.0007696102656837967
epoch,test_clean_acc,test_bad_acc,test_bad_cls_loss,test_bad_at_loss
18,83.78888888888889,3.6555555555555554,8.567839227040608,0.0007719691841759615
epoch,test_clean_acc,test_bad_acc,test_bad_cls_loss,test_bad_at_loss
19,84.32222222222222,2.911111111111111,9.07094039493137,0.0007628310161849691
epoch,test_clean_acc,test_bad_acc,test_bad_cls_loss,test_bad_at_loss
20,84.07777777777778,1.9,9.144233125474718,0.000760891006172945
epoch,test_clean_acc,test_bad_acc,test_bad_cls_loss,test_bad_at_loss
0,85.65555555555555,100.0,1.309850202149379e-07,0.012193397144476573
epoch,test_clean_acc,test_bad_acc,test_bad_cls_loss,test_bad_at_loss
1,81.23333333333333,2.411111111111111,7.829696150885688,0.0009187866451425685
epoch,test_clean_acc,test_bad_acc,test_bad_cls_loss,test_bad_at_loss
2,74.42222222222222,6.622222222222222,6.743236960940891,0.0008630602915460864
epoch,test_clean_acc,test_bad_acc,test_bad_cls_loss,test_bad_at_loss
3,84.41111111111111,2.2777777777777777,8.94348597462972,0.0007507113095683356
epoch,test_clean_acc,test_bad_acc,test_bad_cls_loss,test_bad_at_loss
4,84.11111111111111,2.8444444444444446,8.784043418884277,0.0007417509949559139
epoch,test_clean_acc,test_bad_acc,test_bad_cls_loss,test_bad_at_loss
5,84.65555555555555,2.6222222222222222,9.09050742340088,0.0007313516760865847
epoch,test_clean_acc,test_bad_acc,test_bad_cls_loss,test_bad_at_loss
6,84.91111111111111,2.2222222222222223,9.290119908650716,0.0007252270171625747
epoch,test_clean_acc,test_bad_acc,test_bad_cls_loss,test_bad_at_loss
7,84.26666666666667,3.3,9.132325406392415,0.0007190295504923496
epoch,test_clean_acc,test_bad_acc,test_bad_cls_loss,test_bad_at_loss
8,85.0,2.533333333333333,9.531463621351454,0.0007154088000663453
epoch,test_clean_acc,test_bad_acc,test_bad_cls_loss,test_bad_at_loss
9,85.07777777777778,2.4444444444444446,9.030417101542154,0.0007058134541536371
epoch,test_clean_acc,test_bad_acc,test_bad_cls_loss,test_bad_at_loss
10,84.82222222222222,2.7111111111111112,9.102208248986138,0.0007033824216988351
epoch,test_clean_acc,test_bad_acc,test_bad_cls_loss,test_bad_at_loss
11,85.17777777777778,2.2111111111111112,9.468947598775229,0.0007014494143529899
epoch,test_clean_acc,test_bad_acc,test_bad_cls_loss,test_bad_at_loss
12,85.35555555555555,2.2222222222222223,9.654656306796603,0.000695956487260345
epoch,test_clean_acc,test_bad_acc,test_bad_cls_loss,test_bad_at_loss
13,84.71111111111111,2.7444444444444445,9.50735934024387,0.0006908065603218145
epoch,test_clean_acc,test_bad_acc,test_bad_cls_loss,test_bad_at_loss
14,85.06666666666666,2.2888888888888888,9.416772695753309,0.0006843570250396927
epoch,test_clean_acc,test_bad_acc,test_bad_cls_loss,test_bad_at_loss
15,85.02222222222223,2.3,9.510805768330892,0.0006808815604696671
epoch,test_clean_acc,test_bad_acc,test_bad_cls_loss,test_bad_at_loss
16,84.86666666666666,2.2555555555555555,9.823434355841743,0.0006806215440026587
epoch,test_clean_acc,test_bad_acc,test_bad_cls_loss,test_bad_at_loss
17,85.25555555555556,2.011111111111111,9.930642655266656,0.0006743260803115037
epoch,test_clean_acc,test_bad_acc,test_bad_cls_loss,test_bad_at_loss
18,85.46666666666667,2.3222222222222224,9.782073566860623,0.0006737830188746253
epoch,test_clean_acc,test_bad_acc,test_bad_cls_loss,test_bad_at_loss
19,84.76666666666667,2.522222222222222,9.655705764770508,0.0006706703617237508
epoch,test_clean_acc,test_bad_acc,test_bad_cls_loss,test_bad_at_loss
20,85.22222222222223,2.2666666666666666,9.773069786919487,0.0006643044095900324
epoch,test_clean_acc,test_bad_acc,test_bad_cls_loss,test_bad_at_loss
0,85.65555555555555,100.0,1.309850202149379e-07,12.054756830851238
epoch,test_clean_acc,test_bad_acc,test_bad_cls_loss,test_bad_at_loss
1,75.92222222222222,11.855555555555556,6.147112506018744,1.1974910923639934
epoch,test_clean_acc,test_bad_acc,test_bad_cls_loss,test_bad_at_loss
2,80.42222222222222,5.311111111111111,7.951353977627225,1.0957923410203723
epoch,test_clean_acc,test_bad_acc,test_bad_cls_loss,test_bad_at_loss
3,84.55555555555556,2.077777777777778,9.01450857035319,1.015789269871182
epoch,test_clean_acc,test_bad_acc,test_bad_cls_loss,test_bad_at_loss
4,84.53333333333333,3.1666666666666665,8.928196967654758,0.9851937083668179
epoch,test_clean_acc,test_bad_acc,test_bad_cls_loss,test_bad_at_loss
5,84.8,2.388888888888889,9.206165301005045,0.9833442393408881
epoch,test_clean_acc,test_bad_acc,test_bad_cls_loss,test_bad_at_loss
6,84.52222222222223,3.388888888888889,9.384183654785156,0.9633489711549547
epoch,test_clean_acc,test_bad_acc,test_bad_cls_loss,test_bad_at_loss
7,85.02222222222223,2.3,9.435470743815104,0.9623974107636346
epoch,test_clean_acc,test_bad_acc,test_bad_cls_loss,test_bad_at_loss
8,84.67777777777778,2.811111111111111,9.293964209662544,0.949565907796224
epoch,test_clean_acc,test_bad_acc,test_bad_cls_loss,test_bad_at_loss
9,84.95555555555555,2.3,9.436886032104493,0.9492289919323391
epoch,test_clean_acc,test_bad_acc,test_bad_cls_loss,test_bad_at_loss
10,84.58888888888889,3.3,8.861516065809461,0.9485769360860189
epoch,test_clean_acc,test_bad_acc,test_bad_cls_loss,test_bad_at_loss
11,84.47777777777777,3.2333333333333334,9.498229062398275,0.9361141289075215
epoch,test_clean_acc,test_bad_acc,test_bad_cls_loss,test_bad_at_loss
12,84.87777777777778,3.3,9.160010550604927,0.9327107206450568
epoch,test_clean_acc,test_bad_acc,test_bad_cls_loss,test_bad_at_loss
13,85.32222222222222,2.1555555555555554,9.859619354248046,0.9264651151763068
epoch,test_clean_acc,test_bad_acc,test_bad_cls_loss,test_bad_at_loss
14,84.45555555555555,3.466666666666667,9.40456709628635,0.9173196434974671
epoch,test_clean_acc,test_bad_acc,test_bad_cls_loss,test_bad_at_loss
15,84.61111111111111,2.7777777777777777,9.705185325622558,0.9166213234795464
epoch,test_clean_acc,test_bad_acc,test_bad_cls_loss,test_bad_at_loss
16,84.74444444444444,2.888888888888889,9.614766926235623,0.9004779535929363
epoch,test_clean_acc,test_bad_acc,test_bad_cls_loss,test_bad_at_loss
17,84.93333333333334,2.411111111111111,9.784077258639865,0.898339861287011
epoch,test_clean_acc,test_bad_acc,test_bad_cls_loss,test_bad_at_loss
18,84.4,3.477777777777778,9.764040162828234,0.8983045095337762
epoch,test_clean_acc,test_bad_acc,test_bad_cls_loss,test_bad_at_loss
19,84.63333333333334,3.6222222222222222,9.55731911722819,0.8909119967354668
epoch,test_clean_acc,test_bad_acc,test_bad_cls_loss,test_bad_at_loss
20,84.4888888888889,3.566666666666667,9.660316594441731,0.8932932476467557
epoch,test_clean_acc,test_bad_acc,test_bad_cls_loss,test_bad_at_loss
0,85.65555555555555,100.0,1.309850202149379e-07,0.012193397144476573
epoch,test_clean_acc,test_bad_acc,test_bad_cls_loss,test_bad_at_loss
1,71.9888888888889,0.9111111111111111,11.372397622002495,0.0011548852090620333
epoch,test_clean_acc,test_bad_acc,test_bad_cls_loss,test_bad_at_loss
2,76.58888888888889,0.8444444444444444,9.192989777459038,0.0009694121590194603
epoch,test_clean_acc,test_bad_acc,test_bad_cls_loss,test_bad_at_loss
3,83.24444444444444,2.488888888888889,9.014970764160156,0.0008673174387464921
epoch,test_clean_acc,test_bad_acc,test_bad_cls_loss,test_bad_at_loss
4,83.54444444444445,2.533333333333333,9.129266941494413,0.0008492654131001068
epoch,test_clean_acc,test_bad_acc,test_bad_cls_loss,test_bad_at_loss
5,83.83333333333333,2.6,9.517181745741102,0.0008379508548726638
epoch,test_clean_acc,test_bad_acc,test_bad_cls_loss,test_bad_at_loss
6,83.3,3.6666666666666665,8.88227991358439,0.000830100375538071
epoch,test_clean_acc,test_bad_acc,test_bad_cls_loss,test_bad_at_loss
7,83.47777777777777,3.3555555555555556,9.08002030520969,0.0008290018163517945
epoch,test_clean_acc,test_bad_acc,test_bad_cls_loss,test_bad_at_loss
8,84.04444444444445,2.6444444444444444,9.449066359625922,0.00081781912362203
epoch,test_clean_acc,test_bad_acc,test_bad_cls_loss,test_bad_at_loss
9,83.82222222222222,3.2888888888888888,9.059580745697021,0.0008124222287183835
epoch,test_clean_acc,test_bad_acc,test_bad_cls_loss,test_bad_at_loss
10,84.34444444444445,2.311111111111111,9.68190252855089,0.000805608309753653
epoch,test_clean_acc,test_bad_acc,test_bad_cls_loss,test_bad_at_loss
11,83.52222222222223,3.688888888888889,9.21645003551907,0.0007985628520966404
epoch,test_clean_acc,test_bad_acc,test_bad_cls_loss,test_bad_at_loss
12,83.91111111111111,2.8222222222222224,9.405887142605252,0.000794366294104192
epoch,test_clean_acc,test_bad_acc,test_bad_cls_loss,test_bad_at_loss
13,83.9,3.033333333333333,9.144863515641955,0.0007910597968536118
epoch,test_clean_acc,test_bad_acc,test_bad_cls_loss,test_bad_at_loss
14,84.41111111111111,2.066666666666667,9.842136645846896,0.0007863147416565981
epoch,test_clean_acc,test_bad_acc,test_bad_cls_loss,test_bad_at_loss
15,84.65555555555555,2.0555555555555554,9.803583250257704,0.0007773559719013671
epoch,test_clean_acc,test_bad_acc,test_bad_cls_loss,test_bad_at_loss
16,83.78888888888889,3.0555555555555554,9.782081110636394,0.0007771049570292235
epoch,test_clean_acc,test_bad_acc,test_bad_cls_loss,test_bad_at_loss
17,84.31111111111112,2.2,9.760253438313802,0.0007705994204928477
epoch,test_clean_acc,test_bad_acc,test_bad_cls_loss,test_bad_at_loss
18,84.06666666666666,2.466666666666667,9.762875970628526,0.0007683874377463427
epoch,test_clean_acc,test_bad_acc,test_bad_cls_loss,test_bad_at_loss
19,83.65555555555555,3.2777777777777777,9.924618100484212,0.0007645695879538026
epoch,test_clean_acc,test_bad_acc,test_bad_cls_loss,test_bad_at_loss
20,84.43333333333334,2.533333333333333,9.704021238538955,0.0007640559999789628
epoch,test_clean_acc,test_bad_acc,test_bad_cls_loss,test_bad_at_loss
0,85.65555555555555,100.0,1.309850202149379e-07,0.012193397144476573
